{
  "creator": "Yosys 0.38+113 (git sha1 91fbd5898, clang++ 14.0.0-1ubuntu1.1 -fPIC -Os)",
  "modules": {
    "cpu": {
      "attributes": {
        "top": "00000000000000000000000000000001",
        "src": "design.sv:8.1-366.10"
      },
      "ports": {
        "clk": {
          "direction": "input",
          "bits": [ 2 ]
        },
        "reset": {
          "direction": "input",
          "bits": [ 3 ]
        },
        "dbg_pc": {
          "direction": "output",
          "bits": [ "0", "0", "0", "0", "0", "0", "0", "0", "0", "0", "0", "0", "0", "0", "0", "0", "0", "0", "0", "0", "0", "0", "0", "0", "0", "0", "0", "0", "0", "0", "0", "0" ]
        }
      },
      "cells": {
      },
      "netnames": {
        "clk": {
          "hide_name": 0,
          "bits": [ 2 ],
          "attributes": {
            "src": "design.sv:9.17-9.20"
          }
        },
        "dbg_pc": {
          "hide_name": 0,
          "bits": [ "0", "0", "0", "0", "0", "0", "0", "0", "0", "0", "0", "0", "0", "0", "0", "0", "0", "0", "0", "0", "0", "0", "0", "0", "0", "0", "0", "0", "0", "0", "0", "0" ],
          "attributes": {
            "src": "design.sv:12.23-12.29"
          }
        },
        "ex_mem_is_branch": {
          "hide_name": 0,
          "bits": [ "0" ],
          "attributes": {
            "src": "design.sv:70.16-70.32"
          }
        },
        "ex_mem_memread": {
          "hide_name": 0,
          "bits": [ "0" ],
          "attributes": {
            "src": "design.sv:66.16-66.30"
          }
        },
        "ex_mem_memwrite": {
          "hide_name": 0,
          "bits": [ "0" ],
          "attributes": {
            "src": "design.sv:67.16-67.31"
          }
        },
        "ex_mem_rd": {
          "hide_name": 0,
          "bits": [ "0", "0", "0", "0", "0" ],
          "attributes": {
            "src": "design.sv:64.16-64.25"
          }
        },
        "i": {
          "hide_name": 0,
          "bits": [ "0", "0", "0", "0", "0", "0", "0", "0", "0", "0", "1", "0", "0", "0", "0", "0", "0", "0", "0", "0", "0", "0", "0", "0", "0", "0", "0", "0", "0", "0", "0", "0" ],
          "signed": 1,
          "attributes": {
            "src": "design.sv:94.13-94.14"
          }
        },
        "id_alu_src": {
          "hide_name": 0,
          "bits": [ "1" ],
          "attributes": {
            "src": "design.sv:176.47-176.57"
          }
        },
        "id_ex_imm": {
          "hide_name": 0,
          "bits": [ "0", "0", "0", "0", "0", "0", "0", "0", "0", "0", "0", "0", "0", "0", "0", "0", "0", "0", "0", "0", "0", "0", "0", "0", "0", "0", "0", "0", "0", "0", "0", "0" ],
          "attributes": {
            "src": "design.sv:52.16-52.25"
          }
        },
        "id_ex_memread": {
          "hide_name": 0,
          "bits": [ "0" ],
          "attributes": {
            "src": "design.sv:57.16-57.29"
          }
        },
        "id_ex_memwrite": {
          "hide_name": 0,
          "bits": [ "0" ],
          "attributes": {
            "src": "design.sv:58.16-58.30"
          }
        },
        "id_ex_opcode": {
          "hide_name": 0,
          "bits": [ 4, 5, "0", "0", 6, "0", "0" ],
          "attributes": {
            "src": "design.sv:53.16-53.28",
            "unused_bits": "0 1 4"
          }
        },
        "id_ex_rd": {
          "hide_name": 0,
          "bits": [ "0", "0", "0", "0", "0" ],
          "attributes": {
            "src": "design.sv:51.16-51.24"
          }
        },
        "id_funct3": {
          "hide_name": 0,
          "bits": [ "0", "0", "0" ],
          "attributes": {
            "src": "design.sv:156.16-156.25"
          }
        },
        "id_funct7": {
          "hide_name": 0,
          "bits": [ "0", "0", "0", "0", "0", "0", "0" ],
          "attributes": {
            "src": "design.sv:159.16-159.25"
          }
        },
        "id_memread": {
          "hide_name": 0,
          "bits": [ "0" ],
          "attributes": {
            "src": "design.sv:176.22-176.32"
          }
        },
        "id_memwrite": {
          "hide_name": 0,
          "bits": [ "0" ],
          "attributes": {
            "src": "design.sv:176.34-176.45"
          }
        },
        "id_opcode": {
          "hide_name": 0,
          "bits": [ "1", "1", "0", "0", "1", "0", "0" ],
          "attributes": {
            "src": "design.sv:154.16-154.25"
          }
        },
        "id_rd": {
          "hide_name": 0,
          "bits": [ "0", "0", "0", "0", "0" ],
          "attributes": {
            "src": "design.sv:155.16-155.21"
          }
        },
        "id_regwrite": {
          "hide_name": 0,
          "bits": [ "1" ],
          "attributes": {
            "src": "design.sv:176.9-176.20"
          }
        },
        "id_rs1": {
          "hide_name": 0,
          "bits": [ "0", "0", "0", "0", "0" ],
          "attributes": {
            "src": "design.sv:157.16-157.22"
          }
        },
        "id_rs2": {
          "hide_name": 0,
          "bits": [ "0", "0", "0", "0", "0" ],
          "attributes": {
            "src": "design.sv:158.16-158.22"
          }
        },
        "if_id_instr": {
          "hide_name": 0,
          "bits": [ "1", "1", "0", "0", "1", "0", "0", "0", "0", "0", "0", "0", "0", "0", "0", "0", "0", "0", "0", "0", "0", "0", "0", "0", "0", "0", "0", "0", "0", "0", "0", "0" ],
          "attributes": {
            "src": "design.sv:42.16-42.27"
          }
        },
        "imm_b": {
          "hide_name": 0,
          "bits": [ "0", "0", "0", "0", "0", "0", "0", "0", "0", "0", "0", "0", "0", "0", "0", "0", "0", "0", "0", "0", "0", "0", "0", "0", "0", "0", "0", "0", "0", "0", "0", "0" ],
          "attributes": {
            "src": "design.sv:172.17-172.22"
          }
        },
        "imm_b_field": {
          "hide_name": 0,
          "bits": [ "0", "0", "0", "0", "0", "0", "0", "0", "0", "0", "0", "0", "0" ],
          "attributes": {
            "src": "design.sv:167.17-167.28"
          }
        },
        "imm_i": {
          "hide_name": 0,
          "bits": [ "0", "0", "0", "0", "0", "0", "0", "0", "0", "0", "0", "0", "0", "0", "0", "0", "0", "0", "0", "0", "0", "0", "0", "0", "0", "0", "0", "0", "0", "0", "0", "0" ],
          "attributes": {
            "src": "design.sv:170.17-170.22"
          }
        },
        "imm_i_field": {
          "hide_name": 0,
          "bits": [ "0", "0", "0", "0", "0", "0", "0", "0", "0", "0", "0", "0" ],
          "attributes": {
            "src": "design.sv:165.17-165.28"
          }
        },
        "imm_j": {
          "hide_name": 0,
          "bits": [ "0", "0", "0", "0", "0", "0", "0", "0", "0", "0", "0", "0", "0", "0", "0", "0", "0", "0", "0", "0", "0", "0", "0", "0", "0", "0", "0", "0", "0", "0", "0", "0" ],
          "attributes": {
            "src": "design.sv:173.17-173.22"
          }
        },
        "imm_j_field": {
          "hide_name": 0,
          "bits": [ "0", "0", "0", "0", "0", "0", "0", "0", "0", "0", "0", "0", "0", "0", "0", "0", "0", "0", "0", "0" ],
          "attributes": {
            "src": "design.sv:168.17-168.28"
          }
        },
        "imm_s": {
          "hide_name": 0,
          "bits": [ "0", "0", "0", "0", "0", "0", "0", "0", "0", "0", "0", "0", "0", "0", "0", "0", "0", "0", "0", "0", "0", "0", "0", "0", "0", "0", "0", "0", "0", "0", "0", "0" ],
          "attributes": {
            "src": "design.sv:171.17-171.22"
          }
        },
        "imm_s_field": {
          "hide_name": 0,
          "bits": [ "0", "0", "0", "0", "0", "0", "0", "0", "0", "0", "0", "0" ],
          "attributes": {
            "src": "design.sv:166.17-166.28"
          }
        },
        "instr": {
          "hide_name": 0,
          "bits": [ "1", "1", "0", "0", "1", "0", "0", "0", "0", "0", "0", "0", "0", "0", "0", "0", "0", "0", "0", "0", "0", "0", "0", "0", "0", "0", "0", "0", "0", "0", "0", "0" ],
          "attributes": {
            "src": "design.sv:89.17-89.22"
          }
        },
        "pc": {
          "hide_name": 0,
          "bits": [ "0", "0", "0", "0", "0", "0", "0", "0", "0", "0", "0", "0", "0", "0", "0", "0", "0", "0", "0", "0", "0", "0", "0", "0", "0", "0", "0", "0", "0", "0", "0", "0" ],
          "attributes": {
            "src": "design.sv:36.16-36.18"
          }
        },
        "reset": {
          "hide_name": 0,
          "bits": [ 3 ],
          "attributes": {
            "src": "design.sv:10.17-10.22"
          }
        },
        "sext12$func$design.sv:170$8.in": {
          "hide_name": 0,
          "bits": [ "x", "x", "x", "x", "x", "x", "x", "x", "x", "x", "x", "x" ],
          "attributes": {
            "nosync": "00000000000000000000000000000001",
            "src": "design.sv:82.42-82.44"
          }
        },
        "sext12$func$design.sv:171$9.in": {
          "hide_name": 0,
          "bits": [ "x", "x", "x", "x", "x", "x", "x", "x", "x", "x", "x", "x" ],
          "attributes": {
            "nosync": "00000000000000000000000000000001",
            "src": "design.sv:82.42-82.44"
          }
        },
        "sext13$func$design.sv:172$10.in": {
          "hide_name": 0,
          "bits": [ "x", "x", "x", "x", "x", "x", "x", "x", "x", "x", "x", "x", "x" ],
          "attributes": {
            "nosync": "00000000000000000000000000000001",
            "src": "design.sv:83.42-83.44"
          }
        },
        "sext20$func$design.sv:173$11.in": {
          "hide_name": 0,
          "bits": [ "x", "x", "x", "x", "x", "x", "x", "x", "x", "x", "x", "x", "x", "x", "x", "x", "x", "x", "x", "x" ],
          "attributes": {
            "nosync": "00000000000000000000000000000001",
            "src": "design.sv:84.42-84.44"
          }
        }
      }
    }
  }
}
